,id,description,photo,article,name,price
0,4661062,"–°–æ—Å—Ç–∞–≤ :
-–ß–∏–∫–µ–Ω –•–æ—Ç
-–ó–∞–ø–µ—á–µ–Ω—ã–π —Å –∫—Ä–∞–±–æ–º
-–§–∏–ª–∞–¥–µ–ª—å—Ñ–∏—è",https://sun2.tele2-nn.userapi.com/c853524/v853524088/255f04/DA-U70naLtE.jpg,,—Å–µ—Ç –õ–∞–π–∫,599.0
1,4294918,"–°–æ—Å—Ç–∞–≤: –¢–∞–π —Ç–µ–º–ø—É—Ä–∞, –ó–∞–ø–µ—á–µ–Ω–Ω—ã–π —Å –∫—É—Ä–∏—Ü–µ–π, –õ—é–∫—Å —Å –æ–≥—É—Ä—Ü–æ–º.
–í–µ—Å: 900 –≥—Ä.",https://sun9-69.userapi.com/kZ8-G_-QdGaPvWj8Xwa4ZpWNJPYMiCME4V5TEQ/V5I8t59uFMU.jpg,,–°–µ—Ç ‚Ññ8,420.0
2,2904863,"–°–æ—Å—Ç–∞–≤:  –§–∏–ª–∞–¥–µ–ª—å—Ñ–∏—è, –ö–∞–Ω–∞–¥–∞, –ö–∞–ª–∏—Ñ–æ—Ä–Ω–∏—è, –ß–∏–∫–µ–Ω —Ä–æ–ª–ª, –¢—Ä–∏—Ç–æ–Ω, –†–æ–ª–ª —Å –æ–≥—É—Ä—Ü–æ–º.
–í–µ—Å: 1500 –≥—Ä.",https://sun9-37.userapi.com/8yiwQ3FAM-5zDQiG6kZTFlARTDcTu2E8yLZO2g/aMeZPHANhCw.jpg,,–°–µ—Ç ‚Ññ1,999.0
3,3778792,"–°–æ—Å—Ç–∞–≤: –¶–µ–∑–∞—Ä—å, –ö–∞–ª–∏—Ñ–æ—Ä–Ω–∏—è, –ó–∞–ø–µ—á–µ–Ω–Ω—ã–π —Å –º–∏–¥–∏—è–º–∏, –∫–ª–∞—Å—Å–∏—á–µ—Å–∫–∏–π —Å –æ–≥—É—Ä—Ü–æ–º.
–í–µ—Å: 1000 –≥—Ä.",https://sun9-73.userapi.com/z_OYfiP2ULQsMgjsr75uZ3GIxRCPiL5QNCBgkQ/nfG35r_gHs4.jpg,,–°–µ—Ç ‚Ññ9,530.0
4,2904867,"–°–æ—Å—Ç–∞–≤: –¢–∞–π —Ç–µ–º–ø—É—Ä–∞, –•–æ—Ç —Ñ–∏—à, –ì–∞–ª–∞–∫—Ç–∏–∫–∞ —Å–ø–∞–π—Å, –õ—é–∫—Å —Å –ª–æ—Å–æ—Å–µ–º, –†–æ–ª–ª —Å –æ–≥—É—Ä—Ü–æ–º.
–í–µ—Å: 1300 –≥—Ä.",https://sun9-72.userapi.com/a9le407X4OEiIYfljHjAhKEx5Z4W6b9ecliL5A/iYjmsLCWrz4.jpg,,–°–µ—Ç ‚Ññ7,700.0
5,4281144,"–°–æ—Å—Ç–∞–≤: –•–æ—Ç —Ñ–∏—à , –°–µ–Ω—Å–µ–π , –°–µ–Ω—Å–µ–π –≤ –∫—É–Ω–∂—É—Ç–µ
–í–µ—Å: 900 –≥—Ä–∞–º–º,24 —à—Ç—É–∫–∏",https://sun9-75.userapi.com/9wJQGK7fbdi3NQMRLloLgtF2q4nGMwinIMSR4Q/sieJhOMRM_0.jpg,,–†—ã–±–Ω—ã–π –ë—É–º,620.0
6,2904871,"–°–æ—Å—Ç–∞–≤: –î–µ –ª—é–∫—Å —Å –º–∏–¥–∏—è–º–∏, –î–µ –ª—é–∫—Å —Å —Å—É—Ä–∏–º–∏, –î–µ –ª—é–∫—Å —Å –æ–∫—É–Ω–µ–º.
–í–µ—Å: 950 –≥—Ä.",https://sun9-14.userapi.com/nh_JKcKLrhbSmSu9hyiF0dbVTvEcsfKNnxb7Yg/c8McT8WKhCs.jpg,,–°–µ—Ç ‚Ññ10,500.0
7,2904864,"–°–æ—Å—Ç–∞–≤: –¶–µ–∑–∞—Ä—å —Ç–µ–º–ø—É—Ä–Ω—ã–π, –†–∏–æ, –ó–∞–ø–µ—á–µ–Ω–Ω—ã–π —Å –ª–æ—Å–æ—Å–µ–º.
–í–µ—Å: 1100 –≥—Ä.",https://sun9-11.userapi.com/n8XngDCqtR5WrFbzytQWJUXSpUo5M3oy920cNA/7-xyF0Gm-_Q.jpg,,–°–µ—Ç ‚Ññ3,580.0
8,3532526,"–°–æ—Å—Ç–∞–≤: –°–ø–∞–π—Å —Ç–µ–º–ø—É—Ä–∞ 4 —à—Ç., –¶–µ–∑–∞—Ä—å —Ç–µ–º–ø—É—Ä–∞ 4 —à—Ç., –ö–∞–ª–∏—Ñ–æ—Ä–Ω–∏—è 4 —à—Ç., –ß–∏–∫–µ–Ω —Ä–æ–ª–ª 4 —à—Ç., –†–æ–ª–ª —Å –æ–≥—É—Ä—Ü–æ–º 8 —à—Ç., –†–æ–ª–ª —Å –∂–∞—Ä–µ–Ω—ã–º –ª–æ—Å–æ—Å–µ–º 4 —à—Ç., –†–æ–ª–ª —Å –∫–æ–ø—á–µ–Ω—ã–º –∫–∞–ª—å–º–∞—Ä–æ–º 4 —à—Ç.
–í–µ—Å: 900 –≥—Ä.
",https://sun9-69.userapi.com/PFhW6LXVmmDOyxbAnohXJel8zOfXLCiwFKalrA/Q9MrsDBwmvU.jpg,,–°–µ—Ç ‚Ññ6,530.0
9,2912222,"–°–æ—Å—Ç–∞–≤: –§–∏–ª–∞–¥–µ–ª—å—Ñ–∏—è, –°–ª–∏–≤–æ—á–Ω—ã–π –∫—Ä–∞–±, –ö–∞–ª–∏—Ñ–æ—Ä–Ω–∏—è.
–í–µ—Å: 900 –≥—Ä.",https://sun9-55.userapi.com/QA_2wfbbLesVNx45gqCF63OkrIG2-__d1Cjm8Q/9Mtkl4_VUus.jpg,,–°–µ—Ç ‚Ññ4,520.0
10,2935604,"–°–æ—Å—Ç–∞–≤: –î—É—ç—Ç –¥–∞–±–ª, –¢–æ–º–∞–≥–æ —Ä–æ–ª–ª, –ö–∞–ª–∏—Ñ–æ—Ä–Ω–∏—è apple, –ö–∏–æ—Ç–æ –∑–∞–ø–µ—á–µ–Ω–Ω—ã–π, –§–∏–ª–∞–¥–µ–ª—å—Ñ–∏—è —Ö–æ—Ç, –ó–∞–ø–µ—á–µ–Ω–Ω—ã–π —Å –∫—É—Ä–∏—Ü–µ–π, –ù–∞–≥–æ. 
–í–µ—Å: 2250 –≥—Ä.",https://sun9-50.userapi.com/c847221/v847221991/1802a0/lsD3EMxamq4.jpg,,–°–µ—Ç ‚Ññ2,1350.0
11,4236068,"–°–æ—Å—Ç–∞–≤: –ß–∏–∫–µ–Ω —Ä–æ–ª–ª,–î—É—ç—Ç –¥–∞–±–ª,–ß–∏–∑ —Ä–æ–ª–ª, –ö–∞–ª–∏—Ñ–æ—Ä–Ω–∏—è —Å –ª–æ—Å–æ—Å–µ–º
–í–µ—Å: 1300 –≥—Ä–∞–º–º,32 —à—Ç—É–∫–∏",https://sun9-74.userapi.com/l7k3b222uQKvQX0NkpQD0P4o4fz_aymv5RZK4w/_Er8F80IZBU.jpg,,–ö–æ—Å–º–æ—Å,949.0
12,4186691,"–°–æ—Å—Ç–∞–≤ : –∫—Ä–∞–± –≤ —Ç–µ–º–ø—É—Ä–µ,—Å—ã—Ä —Ç–≤–æ—Ä–æ–∂–Ω—ã–π,—Ä–∏—Å,–∫—É–Ω–∂—É—Ç.
–í–µ—Å:  300 –≥—Ä–∞–º–º",https://sun9-59.userapi.com/JF1ochP_ZAdMpJHg7agd7oe9ZM7fLCz-pmtieQ/bjYWHMikw34.jpg,,–°–ª–∏–≤–æ—á–Ω—ã–π –∫—Ä–∞–±,150.0
13,4185636,"–°–æ—Å—Ç–∞–≤ : –§–∏–ª–∞–¥–µ–ª—å—Ñ–∏—è , –¶–µ–∑–∞—Ä—å –ß–∏–∑,–°–ª–∏–≤–æ—á–Ω—ã–π –∫—Ä–∞–±,–†–µ–¥.
–í–µ—Å:    .32—à—Ç",https://sun9-8.userapi.com/MAcRqMOtwSVxmfToccJaGskEvZfE0zw7hzm4Ig/if8fwfRTcb0.jpg,,—Å–µ—Ç –§–∏–µ—Å—Ç–∞,849.0
14,4185632,"–°–æ—Å—Ç–∞–≤: –§–∏–ª–∞–¥–µ–ª—å—Ñ–∏—è, –°–µ–Ω—Å–µ–π –≤ –∫—É–Ω–∂—É—Ç–µ, –ú—è—Å–Ω–æ–π, –°–ª–∏–≤–æ—á–Ω—ã–π –∫—Ä–∞–±, –¶–µ–∑–∞—Ä—å –ß–∏–∑, –û–∫–∏–Ω–∞–≤–∞ –•–æ—Ç, –ö–∞–ª–∏—Ñ–æ—Ä–Ω–∏—è –≤ —Ç–µ–º–ø—É—Ä–µ, –¢–æ–º–∞–≥–æ –•–æ—Ç
–í–µ—Å 2300",https://sun9-21.userapi.com/V6PLT_sS_hkUspW64XmfNhbSi6rUgZk12k0HXg/nkWHVhlQGj4.jpg,,–°—É–ø–µ—Ä—Å–µ—Ç,1720.0
15,4184557,"–°–æ—Å—Ç–∞–≤: –ú—è—Å–Ω–æ–π,–ö–∏–æ—Ç–æ,–î–∏–Ω–∞–º–∏—Ç,–ë–∞–Ω–∑–∞–π
–í–µ—Å: 1250 –≥—Ä
",https://sun9-53.userapi.com/IdhKd0NIrqvS8c2EgoZU_ul8NgWm7PfByMkQng/8z4YD5oRYBI.jpg,,—Å–µ—Ç –ì—É—Ä–º–∞–Ω,699.0
16,4129017,"–°–æ—Å—Ç–∞–≤: –ª–æ—Å–æ—Å—å –≤ —Ç–µ–º–ø—É—Ä–µ . –Ω–æ—Ä–∏ , —Ä–∏—Å, —Å—ã—Ä —Ç–≤–æ—Ä–æ–∂–Ω—ã–π, –∫—É–Ω–∂—É—Ç.
–í–µ—Å: 290 –≥—Ä.",https://sun9-29.userapi.com/LIw58DHeHvoAHCag5Amtp6jV13cNChgSYA6OfQ/I74V0yU2HP8.jpg,,–°–ª–∏–≤–æ—á–Ω—ã–π –ª–æ—Å–æ—Å—å,210.0
17,4007197,"–°–æ—Å—Ç–∞–≤: –Ω–µ–∂–Ω–∞—è —à–µ–π–∫–∞ —Å–≤–∏–Ω–∏–Ω—ã, –ª—É–∫ —Ä–µ–ø—á–∞—Ç—ã–π —Å–æ —Å–≤–µ–∂–µ–π –∑–µ–ª–µ–Ω—å—é.
–í–µ—Å: 100 \ 40 –≥—Ä.",https://sun9-37.userapi.com/c857424/v857424890/14b001/u0jxt0e_UJk.jpg,,–®–∞—à–ª—ã–∫ –∏–∑ —Å–≤–∏–Ω–æ–π —à–µ–∏,150.0
18,4007223,"–°–æ–±—Å—Ç–≤–µ–Ω–Ω–æ–≥–æ –ø—Ä–∏–≥–æ—Ç–æ–≤–ª–µ–Ω–∏—è.
–°—Ç–æ–∏–º–æ—Å—Ç—å –∑–∞ 1 –±—É–ª–∫—É.",https://sun9-71.userapi.com/_aojjO2CQttO6WYz0HUmAKoOCn3O0UjGgyTg3Q/GNXKNf7BVcg.jpg,,–•–ª–µ–± –≥—Ä—É–∑–∏–Ω—Å–∫–∏–π,50.0
19,4007222,"–ù–∞ –≤—ã–±–æ—Ä:
- –ö—Ä–∞—Å–Ω—ã–π
- –ë–µ–ª—ã–π
–í–µ—Å: 240 –≥—Ä.",https://sun9-52.userapi.com/c856016/v856016653/1c9160/bXZMLPXrJS4.jpg,,–¢–æ–º–∞—Ç–Ω—ã–π —Å–æ—É—Å,50.0
20,4007220,"–°–æ—Å—Ç–∞–≤: –∫—É—Ä–∏–Ω—ã–µ –∫—Ä—ã–ª—å—è.
–í–µ—Å: 100 –≥—Ä.",https://sun9-73.userapi.com/JI0ZqpqgDYlsE2hYWdZziAEwyP2sYkdu4DGIEQ/CJGjm6Lrzi4.jpg,,–ö—Ä—ã–ª—ã—à–∫–∏ –≥—Ä–∏–ª—å,100.0
21,4007214,"–°–æ—Å—Ç–∞–≤: –∫–∞—Ä—Ç–æ—Ñ–µ–ª—å.
–í–µ—Å: 280 –≥—Ä.",https://sun9-54.userapi.com/TemhXc0h6K0-CbtqIbVDBpgsOkJjCVDxK7Z4gg/kcuLSURMrjI.jpg,,–ö–∞—Ä—Ç–æ—Ñ–µ–ª—å –Ω–∞ –≥—Ä–∏–ª–µ,100.0
22,4007213,"–°–æ—Å—Ç–∞–≤: —Å–æ—á–Ω–æ–µ –∏ –º—è–≥–∫–æ–µ —Ñ–∏–ª–µ —Ü—ã–ø–ª–µ–Ω–∫–∞, –ª—É–∫ —Ä–µ–ø—á–∞—Ç—ã–π —Å–æ —Å–≤–µ–∂–µ–π –∑–µ–ª–µ–Ω—å—é.
–í–µ—Å: 100 \40 –≥—Ä.",https://sun9-39.userapi.com/c855336/v855336890/1cc13e/DtYPkpzmcBI.jpg,,–ö—É—Ä–∏–Ω–æ–µ —Ñ–∏–ª–µ,110.0
23,4007208,"–°–æ—Å—Ç–∞–≤: –Ω–µ–∂–Ω–æ–µ –∫—É—Ä–∏–Ω–æ–µ –º—è—Å–æ, –ª—É–∫ —Ä–µ–ø—á–∞—Ç—ã–π —Å–æ —Å–≤–µ–∂–µ–π –∑–µ–ª–µ–Ω—å—é.
–í–µ—Å: 100 \ 40 –≥—Ä.",https://sun9-55.userapi.com/c855236/v855236890/1cabe0/9vUkA1DR1nI.jpg,,–ö—É—Ä–∏–Ω—ã–π —à–∞—à–ª—ã–∫,110.0
24,4007202,"–°–æ—Å—Ç–∞–≤: —Ñ–∞—Ä—à, —Å–æ–±—Å—Ç–≤–µ–Ω–Ω–æ–≥–æ –ø—Ä–æ–∏–∑–≤–æ–¥—Å—Ç–≤–∞, —Å –ª—É–∫–æ–º –∏ —Å–ø–µ—Ü–∏—è–º–∏, –ª—É–∫ —Ä–µ–ø—á–∞—Ç—ã–π—Å–æ —Å–≤–µ–∂–µ–π –∑–µ–ª–µ–Ω—å—é.
–ù–∞ –≤—ã–±–æ—Ä:
- –°–≤–∏–Ω–∏–Ω–∞
- –ì–æ–≤—è–¥–∏–Ω–∞
- –ë–∞—Ä–∞–Ω–∏–Ω–∞
- –ö—É—Ä–∏—Ü–∞.
–í–µ—Å: 200 \ 40 –≥—Ä.",https://sun9-74.userapi.com/c857236/v857236890/acbcf/xmPwLpGzHBY.jpg,,–õ—é–ª—è-–∫–µ–±–∞–±,230.0
25,3868259,"–°–æ—Å—Ç–∞–≤: —Ñ–∏–ª–µ –∫—É—Ä–∏–Ω–æ–µ, —Å—ã—Ä, –ø–æ–º–∏–¥–æ—Ä—ã, —Å—É—Ö–∞—Ä–∏–∫–∏, —Å–æ—É—Å –¶–µ–∑–∞—Ä—å, —Å–∞–ª–∞—Ç.
–í–µ—Å: 300 –≥—Ä.",https://sun9-3.userapi.com/c855416/v855416633/17bd45/raxiZUzNrkk.jpg,,–¶–µ–∑–∞—Ä—å —Å –∫—É—Ä–∏—Ü–µ–π,200.0
26,3868242,"–°–æ—Å—Ç–∞–≤: –Ω–æ—Ä–∏, —Ä–∏—Å, –º—è—Å–æ —É–≥—Ä—è, —Ç–∏–ª–∞–ø–∏—è, –≥—É—Å—Ç–æ–π, –º–∞–π–æ–Ω–µ–∑, –∏–∫—Ä–∞ –º–∞—Å–∞–≥–æ, —Å–æ—É—Å –°–ø–∞–π—Å–∏.
–í–µ—Å: 310 –≥—Ä.",https://sun9-22.userapi.com/c854216/v854216633/181569/RzzhdBj3aYA.jpg,,–ê–ª—è—Å–∫–∞,200.0
27,3868261,"–°–æ—Å—Ç–∞–≤: —Å—ã—Ä –ü–∞—Ä–º–µ–∑–∞–Ω, –ø–æ–º–∏–¥–æ—Ä—ã, —Å—É—Ö–∞—Ä–∏–∫–∏, —Å–æ—É—Å –¶–µ–∑–∞—Ä—å, —Å–∞–ª–∞—Ç + –ª–æ—Å–æ—Å—å \ –∫—Ä–µ–≤–µ—Ç–∫–∏ (–Ω–∞ –≤—ã–±–æ—Ä)
–í–µ—Å: 280 –≥—Ä.",https://sun9-57.userapi.com/c854024/v854024633/17e341/tugkoY_Aukk.jpg,,–¶–µ–∑–∞—Ä—å —Å –ª–æ—Å–æ—Å–µ–º\–∫—Ä–µ–≤–µ—Ç–∫–∞–º–∏,250.0
28,3868254,"–°–æ—Å—Ç–∞–≤: —Ä–∏—Å, –∫—É—Ä–∏—Ü–∞ –∂–∞—Ä–µ–Ω–∞—è –≤ —Å–æ—É—Å–µ —Ç–µ—Ä–∏—è–∫–∏, –∫—É–Ω–∂—É—Ç –∂–∞—Ä–µ–Ω–Ω—ã–π.
–í–µ—Å: 270 –≥—Ä.",https://sun9-44.userapi.com/c854216/v854216633/1815db/ZhtYRBMpynM.jpg,,–†–∏—Å —Å –∫—É—Ä–∏—Ü–µ–π,160.0
29,3868256,"–°–æ—Å—Ç–∞–≤: —Å–æ—É—Å, –∫—É—Ä–∏–Ω–∞—è –∫–æ—Ç–ª–µ—Ç–∞, –ø–æ–º–∏–¥–æ—Ä —Å–≤–µ–∂–∏–π, –æ–≥—É—Ä–µ—Ü —Ö—Ä—É—Å—Ç—è—â–∏–π, —Å–∞–ª–∞—Ç, —Å—ã—Ä.
–í–µ—Å: 300 –≥—Ä.",https://sun9-7.userapi.com/c857224/v857224633/63041/Y32Y6uk7Gdg.jpg,,–ß–∏–∫–µ–Ω –±—É—Ä–≥–µ—Ä,170.0
30,3868251,"–°–æ—Å—Ç–∞–≤: –ª–∞–ø—à–∞, –∫—Ä–µ–≤–µ—Ç–∫–∏, —Ñ–∞—Å–æ–ª—å —Å—Ç—Ä—É—á–∫–æ–≤–∞—è, –º–æ—Ä–∫–æ–≤—å, –ø–µ—Ä–µ—Ü –±–æ–ª–≥–∞—Ä—Å–∫–∏–π, –ø–µ–∫–∏–Ω—Å–∫–∞—è –∫–∞–ø—É—Å—Ç–∞, –ª—É–∫ —Ä–µ–ø—á–∞—Ç—ã–π, —Ç–µ—Ä–∏—è–∫–∏.
–í–µ—Å: 300 –≥—Ä.",https://sun9-72.userapi.com/c855016/v855016633/1701d8/HEEJdH3nHQA.jpg,,–õ–∞–ø—à–∞ —Å –∫—Ä–µ–≤–µ—Ç–∫–∞–º–∏,220.0
31,3868247,"–°–æ—Å—Ç–∞–≤: –Ω–æ—Ä–∏, —Ä–∏—Å, —Å—ã—Ä —Ç–≤–æ—Ä–æ–∂–Ω—ã–π, –∫—Ä–∞—Å–Ω—ã–π –ª–æ—Å–æ—Å—å, —Å–≤–µ–∂–∏–π –æ–≥—É—Ä–µ—Ü.
–í–µ—Å: 340 –≥—Ä.",https://sun9-75.userapi.com/c857720/v857720633/104eeb/8DZBzCDKhVY.jpg,,–§–∏–ª–∞–¥–µ–ª—å—Ñ–∏—è –ª–∞–π—Ç,239.0
32,3868249,"–°–æ—Å—Ç–∞–≤: –Ω–æ—Ä–∏, —Ä–∏—Å, —Å—ã—Ä —Ç–≤–æ—Ä–æ–∂–Ω—ã–π, –∫—Ä–∞—Å–Ω—ã–π –ª–æ—Å–æ—Å—å, –∏–∫—Ä–∞ –ª–æ—Å–æ—Å–µ–≤–∞—è.
–í–µ—Å: 210 –≥—Ä.",https://sun9-44.userapi.com/c858424/v858424633/fc8ad/-0zR_WwXtNA.jpg,,–ö—Ä—ã–º,180.0
33,3868248,"–°–æ—Å—Ç–∞–≤: –Ω–æ—Ä–∏, —Ä–∏—Å, —Å—ã—Ä —Ç–≤–æ—Ä–æ–∂–Ω—ã–π, —Å–≤–µ–∂–∏–π –æ–≥—É—Ä–µ—Ü, –∫—Ä–∞—Å–Ω—ã–π –ª–æ—Å–æ—Å—å, –∏–∫—Ä–∞ –º–∞—Å–∞–≥–æ.
–í–µ—Å: 300 –≥—Ä.",https://sun9-9.userapi.com/c855724/v855724633/17dc3a/FIm8qMtvuIA.jpg,,–°–∞–º—É—Ä–∞–π,220.0
34,3813374,"–°–æ—Å—Ç–∞–≤: –Ω–æ—Ä–∏, —Ä–∏—Å, –∫—É—Ä–∏—Ü–∞ –∫–æ–ø—á–µ–Ω–∞—è, —è–ø–æ–Ω—Å–∫–∏–π –º–∞–π–æ–Ω–µ–∑, —Å–≤–µ–∂–∏–π –æ–≥—É—Ä–µ—Ü.
–í–µ—Å: 290 –≥—Ä.",https://sun9-53.userapi.com/c857324/v857324959/444d4/Zb00FsDG54A.jpg,,–ß–∏–∫–µ–Ω —Ä–æ–ª–ª,139.0
35,3813351,"–°–æ—Å—Ç–∞–≤: –Ω–æ—Ä–∏, —Ä–∏—Å, –≥—É—Å—Ç–æ–π –º–∞–π–æ–Ω–µ–∑, —Å—É—Ä–∏–º–∏, —Å–≤–µ–∂–∏–π –æ–≥—É—Ä–µ—Ü, –∏–∫—Ä–∞ –º–∞—Å–∞–≥–æ, —Å—É—Ö–∞—Ä–∏, –∫–ª—è—Ä.
–í–µ—Å: 380 –≥—Ä.",https://sun9-75.userapi.com/c858020/v858020730/e6bb6/YgY0sEGmAsQ.jpg,,–ö–∞–ª–∏—Ñ–æ—Ä–Ω–∏—è –≤ —Ç–µ–º–ø—É—Ä–µ,149.0
36,3813333,"–°–æ—Å—Ç–∞–≤: –∫—Ä–∞–±–æ–≤—ã–µ –ø–∞–ª–æ—á–∫–∏ –≤ –∫–ª—è—Ä–µ (10 —à—Ç—É–∫).
–í–µ—Å: 150 –≥—Ä.",https://sun9-30.userapi.com/xD1QZR4BpAV_oJeVS4xW4QotCejeimGjb-QiZw/xhkaP5xAqgo.jpg,,–ö—Ä–∞–± –≤ –∫–ª—è—Ä–µ,80.0
37,3813158,"–°–æ—Å—Ç–∞–≤: –Ω–æ—Ä–∏, —Ä–∏—Å, –º–∏–¥–∏–∏, –º–∞–π–æ–Ω–µ–∑, –∏–∫—Ä–∞ —Ç–æ–±–∏–∫–æ.
–í–µ—Å: 310 –≥—Ä.",https://sun9-52.userapi.com/c855228/v855228891/167576/4Ln6INHXCDg.jpg,,–ó–∞–ø–µ—á–µ–Ω–Ω—ã–π —Å –º–∏–¥–∏—è–º–∏,139.0
38,3813154,"–°–æ—Å—Ç–∞–≤: –Ω–æ—Ä–∏, —Ä–∏—Å, —Å—ã—Ä —Ç–≤–æ—Ä–æ–∂–Ω—ã–π, –∫—Ä–∞—Å–Ω—ã–π –ª–æ—Å–æ—Å—å, —Ç–æ–º–∞–≥–æ, –∏–∫—Ä–∞ –º–∞—Å–∞–≥–æ.
–í–µ—Å: 310 –≥—Ä.",https://sun9-24.userapi.com/c857328/v857328891/43e2d/DXAYdokfp6Y.jpg,,–¢—Ä–∏—Ç–æ–Ω,139.0
39,3813152,"–°–æ—Å—Ç–∞–≤: –Ω–æ—Ä–∏, —Ä–∏—Å, —Å–≤–µ–∂–∏–π –æ–≥—É—Ä–µ—Ü, —Å—É—Ä–∏–º–∏, –≥—É—Å—Ç–æ–π –º–∞–π–æ–Ω–µ–∑, –∏–∫—Ä–∞ –º–∞—Å–∞–≥–æ.
–í–µ—Å: 280 –≥—Ä.",https://sun9-51.userapi.com/c857536/v857536891/ea980/Lk5iNJNjhkY.jpg,,–ö–∞–ª–∏—Ñ–æ—Ä–Ω–∏—è,139.0
40,3813142,"–°–æ—Å—Ç–∞–≤: –Ω–æ—Ä–∏, —Ä–∏—Å, –ª–æ—Å–æ—Å—å –∂–∞—Ä–µ–Ω—ã–π, —Å—ã—Ä —Ç–≤–æ—Ä–æ–∂–Ω—ã–π, —Å–≤–µ–∂–∏–π –æ–≥—É—Ä–µ—Ü, —Å—Ç—Ä—É–∂–∫–∞ —Ç—É–Ω—Ü–∞.
–í–µ—Å: 270 –≥—Ä.",https://sun9-15.userapi.com/c857232/v857232891/466e5/7CQtBqqVEfg.jpg,,–ë–æ–Ω–∏—Ç–æ,139.0
41,2904866,"–°–æ—Å—Ç–∞–≤: –†–æ–ª–ª —Å –ª–æ—Å–æ—Å–µ–º –¥–µ –ª—é–∫—Å, –†–æ–ª–ª —Å –º–∏–¥–∏—è–º–∏ –¥–µ –ª—é–∫—Å, –†–æ–ª–ª —Å –∫—É—Ä–∏—Ü–µ–π –¥–µ –ª—é–∫—Å.
–í–µ—Å: 750 –≥—Ä.",https://sun9-61.userapi.com/xQ1I8Iwx7v5CmSK56zBoaQCTEkvN7vgx0o6gJQ/O6XQFKoqwlE.jpg,,–°–µ—Ç ‚Ññ5,420.0
42,3813149,"–°–æ—Å—Ç–∞–≤: –Ω–æ—Ä–∏, —Ä–∏—Å, —Å—ã—Ä —Ç–≤–æ—Ä–æ–∂–Ω—ã–π, —Å—É—Ä–∏–º–∏ –≤ –∫–ª—è—Ä–µ, –∂–∞—Ä–µ–Ω–Ω—ã–π –∫—É–Ω–∂—É—Ç.
–í–µ—Å: 280 –≥—Ä.",https://sun9-11.userapi.com/c855028/v855028891/161eaa/91MqGJBb_Go.jpg,,–°–ª–∏–≤–æ—á–Ω—ã–π –∫—Ä–∞–±,139.0
43,3647033,"–°–æ—Å—Ç–∞–≤: –ö–∞–ª–∏—Ñ–æ—Ä–Ω–∏—è —Ç–µ–º–ø—É—Ä–∞, –ù–æ—Ä–¥, –ß–∏–∫–µ–Ω —Å–ø–∞–π—Å, –¢–æ–º–∞–≥–æ —Ç–µ–º–ø—É—Ä–∞.
–í–µ—Å: 1300 –≥—Ä.",https://sun9-5.userapi.com/c855328/v855328931/fdf6f/l0XY3L8j3pQ.jpg,,–°–µ—Ç –ì–æ—Ä—è—á–∏–π,899.0
44,2925417,"–°–æ—Å—Ç–∞–≤: –Ω–æ—Ä–∏, —Ä–∏—Å, –∫—É—Ä–∏–Ω–æ–µ —Ñ–∏–ª–µ, –∏–∫—Ä–∞ —Ç–æ–º–∞–≥–æ.
–í–µ—Å: 250 –≥—Ä.",https://sun9-68.userapi.com/wLCMC-PS49edvpCEJgmC7PvhKIAjpM7ccp53uw/z5CufOV3ag8.jpg,,–¢–æ–º–∞–≥–æ —Ä–æ–ª–ª,160.0
45,3959741,–û–±—ä—ë–º: 0.5–ª,https://sun9-20.userapi.com/c857724/v857724098/1253ab/SAMoopTGW1E.jpg,,–ê–∫–≤–∞ –º–∏–Ω–µ—Ä–∞–ª–µ (–Ω–µ–≥–∞–∑.),50.0
46,3959739,–û–±—ä—ë–º: 0.5 –ª,https://sun9-50.userapi.com/c855636/v855636088/1a59c5/aGRBQGiQ0mA.jpg,,–ê–∫–≤–∞ –º–∏–Ω–µ—Ä–∞–ª–µ (–≥–∞–∑.),50.0
47,3959731,–û–±—ä—ë–º: 0.5 –ª,https://sun9-54.userapi.com/c858524/v858524088/84f99/0UZ-EbBPISw.jpg,,–õ–∏–ø—Ç–æ–Ω,60.0
48,3959729,–û–±—ä—ë–º: 0.5 –ª,https://sun9-36.userapi.com/Pb0AcbAVENGM-dnj_QJiUfvpUSRlsyFCnfHjGw/PTOEKSiWKwg.jpg,,–ü–∞–ª–ø–∏,50.0
49,3959724,–û–±—ä—ë–º: 0.5 –ª,https://sun9-44.userapi.com/R6Iv8ZEYZMJLBW23PyODIiqRoRIG-Oaa-OnAeA/aebwA_wVK20.jpg,,–ö–æ–∫–∞ –∫–æ–ª–∞,60.0
50,3959719,–û–±—ä—ë–º: 0.5 –ª,https://sun9-11.userapi.com/QZgzjI2I6Ko0XQsoDOvRjDsWWIzfsrGmmJzu2w/T1MksdvZJD4.jpg,,–§–∞–Ω—Ç–∞,60.0
51,3959715,–û–±—ä—ë–º: 0.5 –ª,https://sun9-62.userapi.com/43HLhCRm4p_QBDiVUPEtgmZucUbQoL42u-IBmA/LXpqdA1mmcQ.jpg,,–°–ø—Ä–∞–π—Ç,60.0
52,2962704,"–°–æ—Å—Ç–∞–≤: –Ω–æ—Ä–∏, —Ä–∏—Å, —Å–≤–µ–∂–∏–π –æ–≥—É—Ä–µ—Ü, –∫—Ä–∞—Å–Ω—ã–π –ª–æ—Å–æ—Å—å, –≥—É—Å—Ç–æ–π –º–∞–π–æ–Ω–µ–∑, —Ç–∏–≥—Ä–æ–≤–∞—è –∫—Ä–µ–≤–µ—Ç–∫–∞, —Å–æ—É—Å –£–Ω–∞–≥–∏, –∂–∞—Ä–µ–Ω–Ω—ã–π –∫—É–Ω–∂—É—Ç, —Ç—É–Ω–µ—Ü, –æ–∫—É–Ω—å.
–í–µ—Å: 350 –≥—Ä.",https://sun9-37.userapi.com/c851020/v851020541/a64f4/tpfeIt-chE4.jpg,,4 –ú–æ—Ä—è,270.0
53,2925420,"–°–æ—Å—Ç–∞–≤: –Ω–æ—Ä–∏, —Ä–∏—Å, —Å—ã—Ä —Ç–≤–æ—Ä–æ–∂–Ω—ã–π, –º—è—Å–æ —É–≥—Ä—è, —Å–≤–µ–∂–∏–π –æ–≥—É—Ä–µ—Ü, —Å–æ—É—Å –£–Ω–∞–≥–∏, –∂–∞—Ä–µ–Ω–Ω—ã–π –∫—É–Ω–∂—É—Ç.
–í–µ—Å: 300 –≥—Ä.",https://sun9-34.userapi.com/c848524/v848524306/10998a/6aGvl_XsDkg.jpg,,–ö–∞–Ω–∞–¥–∞ –ª–∞–π—Ç,250.0
54,2925414,"–°–æ—Å—Ç–∞–≤: –º–∞–º–∏ –Ω–æ—Ä–∏, —Ä–∏—Å, —Å—ã—Ä —Ç–≤–æ—Ä–æ–∂–Ω—ã–π, —Å–≤–µ–∂–∏–π –æ–≥—É—Ä–µ—Ü, –ª–æ—Å–æ—Å—å —Ö/–∫, –∏–∫—Ä–∞ —Ç–æ–±–∏–∫–æ.
–í–µ—Å: 280 –≥—Ä.",https://sun9-8.userapi.com/c848520/v848520821/117bdf/9a4P3zsnfFo.jpg,,–ö—É–Ω—Å–µ–π,240.0
55,2925410,"–°–æ—Å—Ç–∞–≤: –Ω–æ—Ä–∏, —Ä–∏—Å, —Å—ã—Ä —Ç–≤–æ—Ä–æ–∂–Ω—ã–π, —Å–≤–µ–∂–∏–π –æ–≥—É—Ä–µ—Ü, –º—è—Å–æ —É–≥—Ä—è, –∫—Ä–∞—Å–Ω—ã–π –ª–æ—Å–æ—Å—å, —Å–æ—É—Å –£–Ω–∞–≥–∏, –∂–∞—Ä–µ–Ω–Ω—ã–π –∫—É–Ω–∂—É—Ç.
–í–µ—Å: 300 –≥—Ä.",https://sun9-61.userapi.com/_Lg42D9emNpYuiMZnwa81hyH_35kw-LuXF498w/nu5EnmhWxD8.jpg,,–§–∏–ª–∞–¥–µ–ª—å—Ñ–∏—è –ª—é–∫—Å,280.0
56,2925411,"–°–æ—Å—Ç–∞–≤: –Ω–æ—Ä–∏, —Ä–∏—Å, —Å—ã—Ä —Ç–≤–æ—Ä–æ–∂–Ω—ã–π, –∫—Ä–∞—Å–Ω—ã–π –ª–æ—Å–æ—Å—å, –∑–µ–ª–µ–Ω—ã–π –ª—É–∫, —Å–≤–µ–∂–∏–π –æ–≥—É—Ä–µ—Ü, –≥—É—Å—Ç–æ–π –º–∞–π–æ–Ω–µ–∑, –∏–∫—Ä–∞ —Ç–æ–±–∏–∫–æ.
–í–µ—Å: 300 –≥—Ä.",https://sun9-62.userapi.com/c852120/v852120564/98dd3/Gk5JsWgW25s.jpg,,–¶—É–Ω–∞–º–∏,220.0
57,2925412,"–°–æ—Å—Ç–∞–≤: –Ω–æ—Ä–∏, —Ä–∏—Å, –∫—Ä–∞—Å–Ω—ã–π –ª–æ—Å–æ—Å—å, –∏–∫—Ä–∞ –º–∞—Å–∞–≥–æ, —Å–≤–µ–∂–∏–π –æ–≥—É—Ä–µ—Ü, —Å—ã—Ä —Ç–≤–æ—Ä–æ–∂–Ω—ã–π.
–í–µ—Å: 280 –≥—Ä.",https://sun9-27.userapi.com/c850720/v850720564/96d4c/bDI_KvLCpR0.jpg,,–ú–∞—Å–∞–≥–æ,210.0
58,2925408,"–°–æ—Å—Ç–∞–≤: –Ω–æ—Ä–∏, —Ä–∏—Å, —Å—ã—Ä —Ç–≤–æ—Ä–æ–∂–Ω—ã–π, –∑–µ–ª–µ–Ω–Ω–æ–µ —è–±–ª–æ–∫–æ, –∏–∫—Ä–∞ —Ç–æ–±–∏–∫–æ.
–í–µ—Å: 200 –≥—Ä.",https://sun9-69.userapi.com/c857124/v857124166/476c7/La9pYTJhSio.jpg,,–ö–∞–ª–∏—Ñ–æ—Ä–Ω–∏—è apple,180.0
59,2925407,"–°–æ—Å—Ç–∞–≤: –Ω–æ—Ä–∏, —Ä–∏—Å, —Å—ã—Ä —Ç–≤–æ—Ä–æ–∂–Ω—ã–π, –∫—Ä–∞—Å–Ω—ã–π –ª–æ—Å–æ—Å—å, –æ–∫—É–Ω—å, –∏–∫—Ä–∞ –ª–æ—Å–æ—Å—è, —Ç–æ–±–∏–∫–æ.
–í–µ—Å: 280 –≥—Ä.",https://sun9-9.userapi.com/c855336/v855336166/1667b3/stjveX4tIYU.jpg,,–ú–∞–∂–æ—Ä,250.0
60,2925404,"–°–æ—Å—Ç–∞–≤: –Ω–æ—Ä–∏, —Ä–∏—Å, —Å—ã—Ä —Ç–≤–æ—Ä–æ–∂–Ω—ã–π, –∫—Ä–∞—Å–Ω—ã–π –ª–æ—Å–æ—Å—å, —Å–≤–µ–∂–∏–π –æ–≥—É—Ä–µ—Ü, –º—è—Å–æ —É–≥—Ä—è, —Å–æ—É—Å –£–Ω–∞–≥–∏, –∂–∞—Ä–µ–Ω–Ω—ã–π –∫—É–Ω–∂—É—Ç.
–í–µ—Å: 250 –≥—Ä.",https://sun9-70.userapi.com/c849220/v849220306/10f3b0/Fj3y2HfLyNA.jpg,,–ö–∞–Ω–∞–¥–∞,269.0
61,2925406,"–°–æ—Å—Ç–∞–≤: –Ω–æ—Ä–∏, —Ä–∏—Å, —Å—Ç—Ä—É–∂–∫–∞ —Ç—É–Ω—Ü–∞, –∂–∞—Ä–µ–Ω—ã–π –æ–∫—É–Ω—å, —Å–≤–µ–∂–∏–π –æ–≥—É—Ä–µ—Ü, —Å–æ—É—Å –°–ø–∞–π—Å–∏.
–í–µ—Å: 200 –≥—Ä.",https://sun9-21.userapi.com/c858432/v858432166/e3d50/vb46a3ciFPw.jpg,,–ì–∞–ª–∞–∫—Ç–∏–∫–∞ —Å–ø–∞–π—Å,200.0
62,2925402,"–°–æ—Å—Ç–∞–≤: –Ω–æ—Ä–∏, —Ä–∏—Å, –∫—É—Ä–∏–Ω–æ–µ —Ñ–∏–ª–µ, –ª—É–∫ –∑–µ–ª–µ–Ω—ã–π, –∂–∞—Ä–µ–Ω–Ω—ã–π –∫—É–Ω–∂—É—Ç, —Å–æ—É—Å –°–ø–∞–π—Å–∏.
–í–µ—Å: 200 –≥—Ä.",https://sun9-9.userapi.com/c851436/v851436564/97355/hXTXzCfpPGM.jpg,,–¢–æ—Ä–∏ —Ñ—É—Ä–∞–π,190.0
63,2925400,"–°–æ—Å—Ç–∞–≤: –Ω–æ—Ä–∏, —Ä–∏—Å, –∂–∞—Ä–µ–Ω–Ω—ã–π –∫—É–Ω–∂—É—Ç, —Å—ã—Ä —Ç–≤–æ—Ä–æ–∂–Ω—ã–π, –∫—Ä–∞–± –≤ –∫–ª—è—Ä–µ.
–í–µ—Å: 260 –≥—Ä.",https://sun9-26.userapi.com/c850024/v850024306/110659/DPQwd38bkbs.jpg,,–°–ª–∏–≤–æ—á–Ω—ã–π –∫—Ä–∞–±,189.0
64,2925396,"–°–æ—Å—Ç–∞–≤: –Ω–æ—Ä–∏, —Ä–∏—Å, –∫—Ä–µ–≤–µ—Ç–∫–∞ –≤ –∫–ª—è—Ä–µ, —Å–≤–µ–∂–∏–π –æ–≥—É—Ä–µ—Ü, –∂–∞—Ä–µ–Ω–Ω—ã–π –∫—É–Ω–∂—É—Ç.
–í–µ—Å: 260 –≥—Ä.",https://sun9-28.userapi.com/c850632/v850632564/9771c/l8BpJ1CcdUU.jpg,,–≠–±–∏ —Ä–æ–ª–ª,190.0
65,2925395,"–°–æ—Å—Ç–∞–≤: –Ω–æ—Ä–∏, —Ä–∏—Å, —Å—ã—Ä —Ç–≤–æ—Ä–æ–∂–Ω—ã–π, –∫—Ä–∞—Å–Ω—ã–π –ª–æ—Å–æ—Å—å, –º—è—Å–æ —É–≥—Ä—è, –∏–∫—Ä–∞ —Ç–æ–±–∏–∫–æ, —Å–æ—É—Å –£–Ω–∞–≥–∏, –∂–∞—Ä–µ–Ω–Ω—ã–π –∫—É–Ω–∂—É—Ç.
–í–µ—Å: 300 –≥—Ä.",https://sun9-53.userapi.com/zklShzvZiR_k9n5pbyENZX55oV-yUbaSHT_4Wg/2Vk240_C1VI.jpg,,–î—É—ç—Ç –¥–∞–±–ª,259.0
66,2925391,"–°–æ—Å—Ç–∞–≤: –Ω–æ—Ä–∏, —Ä–∏—Å, —Å—ã—Ä —Ç–≤–æ—Ä–æ–∂–Ω—ã–π, —Å–≤–µ–∂–∏–π –æ–≥—É—Ä–µ—Ü, –∫–æ–ø—á–µ–Ω–∞—è –∫—É—Ä–∏—Ü–∞, –±–µ–∫–æ–Ω.
–í–µ—Å: 300 –≥—Ä.",https://sun9-6.userapi.com/c847218/v847218306/178c7c/fqvzdya4fWI.jpg,,–ú—è—Å–Ω–æ–π,199.0
67,2906403,"–°–æ—Å—Ç–∞–≤: –Ω–æ—Ä–∏, —Ä–∏—Å, —Å—ã—Ä —Ç–≤–æ—Ä–æ–∂–Ω—ã–π, —Å–≤–µ–∂–∏–π –æ–≥—É—Ä–µ—Ü, —Ç–∏–≥—Ä–æ–≤–∞—è –∫—Ä–µ–≤–µ—Ç–∫–∞, –∏–∫—Ä–∞ —Ç–æ–±–∏–∫–æ.
–í–µ—Å: 345 –≥—Ä.",https://sun9-76.userapi.com/c850216/v850216946/b74f4/NmbrJc2562I.jpg,,–û–∫–∏–Ω–∞–≤–∞,229.0
68,2925388,"–°–æ—Å—Ç–∞–≤: –Ω–æ—Ä–∏, —Ä–∏—Å, —Å–æ—É—Å –°–ø–∞–π—Å–∏, —Å–∞–ª–∞—Ç, —Å—É—Ä–∏–º–∏ –≤ –∫–ª—è—Ä–µ, –∏–∫—Ä–∞ –º–∞—Å–∞–≥–æ.
–í–µ—Å: 260 –≥—Ä.",https://sun9-2.userapi.com/c844216/v844216306/184846/qoCfzjYs3jw.jpg,,–°–ø–∞–π—Å–∏ —Ñ–∏—à,190.0
69,2925379,"–°–æ—Å—Ç–∞–≤: –Ω–æ—Ä–∏, —Ä–∏—Å, —Å—ã—Ä —Ç–≤–æ—Ä–æ–∂–Ω—ã–π, –∑–µ–ª–µ–Ω–Ω–æ–µ —è–±–ª–æ–∫–æ, –∫—Ä–∞—Å–Ω—ã–π –ª–æ—Å–æ—Å—å, –∏–∫—Ä–∞ –º–∞—Å–∞–≥–æ.
–í–µ—Å: 330 –≥—Ä.",https://sun9-8.userapi.com/c850616/v850616003/9c35d/Nrv2nga2piM.jpg,,–ò–ª–ª—é–∑–∏—è,219.0
70,2925376,"–°–æ—Å—Ç–∞–≤: –Ω–æ—Ä–∏, —Ä–∏—Å, –∫—Ä–∞—Å–Ω—ã–π –ª–æ—Å–æ—Å—å, —Å–≤–µ–∂–∏–π –æ–≥—É—Ä–µ—Ü, –∂–∞—Ä–µ–Ω—ã–π –∫—É–Ω–∂—É—Ç, —Å–ª–∏–≤–æ—á–Ω—ã–π —Å—ã—Ä, —Å—ã—Ä–Ω–∞—è —à–∞–ø–∫–∞.
–í–µ—Å: 250 –≥—Ä.",https://sun9-57.userapi.com/c848536/v848536873/1091af/JGfJfthgE_Q.jpg,,–ó–∞–ø–µ—á–µ–Ω–Ω—ã–π –∫–∏–æ—Ç–æ,209.0
71,2925375,"–°–æ—Å—Ç–∞–≤: –Ω–æ—Ä–∏, —Ä–∏—Å, –º–∏–¥–∏–∏, –≥—É—Å—Ç–æ–π –º–∞–π–æ–Ω–µ–∑, –∏–∫—Ä–∞ —Ç–æ–±–∏–∫–æ.
–í–µ—Å: 280 –≥—Ä.",https://sun9-54.userapi.com/c849332/v849332873/10f001/vy0FRot6TaA.jpg,,–ó–∞–ø–µ—á–µ–Ω–Ω—ã–π —Å –º–∏–¥–∏—è–º–∏,200.0
72,2925373,"–°–æ—Å—Ç–∞–≤: –Ω–æ—Ä–∏, —Ä–∏—Å, —Å—ã—Ä —Ç–≤–æ—Ä–æ–∂–Ω—ã–π, –∫—É—Ä–∏–Ω–æ–µ —Ñ–∏–ª–µ, —Å–ø–µ–ª—ã–π —Ç–æ–º–∞—Ç.
–í–µ—Å: 300 –≥—Ä.",https://sun9-8.userapi.com/c845523/v845523873/1879ff/m6ddLh7afa8.jpg,,–ß–∏–∫–µ–Ω —Ç–µ–º–ø—É—Ä–Ω—ã–π,219.0
73,2906404,"–°–æ—Å—Ç–∞–≤: –Ω–æ—Ä–∏, —Ä–∏—Å, –∫—É—Ä–∏—Ü–∞ –∫–æ–ø—á–µ–Ω–∞—è, –≥—É—Å—Ç–æ–π –º–∞–π–æ–Ω–µ–∑, —Å–≤–µ–∂–∏–π –æ–≥—É—Ä–µ—Ü.
–í–µ—Å: 290 –≥—Ä.",https://sun9-35.userapi.com/c854324/v854324166/16431d/oupEUK6Egiw.jpg,,–ß–∏–∫–µ–Ω —Ä–æ–ª–ª,170.0
74,2906399,"–°–æ—Å—Ç–∞–≤: –Ω–æ—Ä–∏, —Ä–∏—Å, –ª–æ—Å–æ—Å—å —Ö\–∫, —Å—ã—Ä —Ç–≤–æ—Ä–æ–∂–Ω—ã–π, —Å–≤–µ–∂–∏–π –æ–≥—É—Ä–µ—Ü, –∑–µ–ª–µ–Ω—ã–π –ª—É–∫, –±–µ–∫–æ–Ω.
–í–µ—Å: 300 –≥—Ä.",https://sun9-23.userapi.com/c846020/v846020946/1745fb/rPXyg0c_jT8.jpg,,–ë–∞—Ç–∞–∫–æ–Ω,210.0
75,2906398,"–°–æ—Å—Ç–∞–≤: –Ω–æ—Ä–∏, —Ä–∏—Å, —Å–∏–±–∞—Å –∂–∞—Ä–µ–Ω—ã–π, —Å—ã—Ä —Ç–≤–æ—Ä–æ–∂–Ω—ã–π, —Å–≤–µ–∂–∏–π –æ–≥—É—Ä–µ—Ü, —Å—Ç—Ä—É–∂–∫–∞ —Ç—É–Ω—Ü–∞.
–í–µ—Å: 270 –≥—Ä.",https://sun9-11.userapi.com/c846320/v846320946/17b32e/mALklCuykw8.jpg,,–ì–∞–ª–∞–∫—Ç–∏–∫–∞,209.0
76,2906351,"–°–æ—Å—Ç–∞–≤: –Ω–æ—Ä–∏, —Ä–∏—Å, —Å—ã—Ä —Ç–≤–æ—Ä–æ–∂–Ω—ã–π, –º—è—Å–æ —É–≥—Ä—è, —Ç–∏–≥—Ä–æ–≤–∞—è –∫—Ä–µ–≤–µ—Ç–∫–∞, –º–∏–¥–∏–∏, –∫—Ä–∞—Å–Ω—ã–π –ª–æ—Å–æ—Å—å, —Å–æ—É—Å —Å–ø–∞–π—Å, –∏–∫—Ä–∞ —Ç–æ–±–∏–∫–æ.
–í–µ—Å: 250 –≥—Ä.",https://sun9-2.userapi.com/c848536/v848536946/102720/fw0w1cC20bw.jpg,,–í—É–ª–∫–∞–Ω,209.0
77,2906325,"–°–æ—Å—Ç–∞–≤: –Ω–æ—Ä–∏, —Ä–∏—Å.
–ù–∞ –≤—ã–±–æ—Ä:
- –õ–æ—Å–æ—Å—å 
- –£–≥–æ—Ä—å
- –ö—Ä–µ–≤–µ—Ç–∫–∞
- –ú–∏–¥–∏–∏
–°–æ—É—Å:
- –°–ø–∞–π—Å
- –ú–∞–π–æ–Ω–µ–∑ 
–í–µ—Å: 60 –≥—Ä.",https://sun9-16.userapi.com/c852028/v852028488/92bbe/Q8GjXoiiWTQ.jpg,,–ì—É–Ω–∫–∞–Ω,50.0
78,2906328,"–°–æ—Å—Ç–∞–≤: –Ω–æ—Ä–∏, —Ä–∏—Å.
–ù–∞ –≤—ã–±–æ—Ä:
- –õ–æ—Å–æ—Å—å 
- –£–≥–æ—Ä—å
- –ö—Ä–µ–≤–µ—Ç–∫–∞
- –ú–∏–¥–∏–∏
–í–µ—Å: 60 –≥—Ä.",https://sun9-22.userapi.com/c847121/v847121965/1712ff/U4JeGuDW4ho.jpg,,–ó–∞–ø–µ—á–µ–Ω–Ω—ã–π –≥—É–Ω–∫–∞–Ω ,70.0
79,2906323,"–°–æ—Å—Ç–∞–≤ –Ω–∞ –≤—ã–±–æ—Ä:
- –õ–æ—Å–æ—Å—å
- –£–≥–æ—Ä—å 
- –ö—Ä–µ–≤–µ—Ç–∫–∞ 
–í–µ—Å: 40 –≥—Ä.",https://sun9-15.userapi.com/c851224/v851224488/8e2bd/4G5-ftsPjDY.jpg,,–°—É—à–∏ ,50.0
80,2906316," –°–æ—Å—Ç–∞–≤: —Å—ã—Ä –º–∞—Å–∫–∞—Ä–ø–æ–Ω–µ, –∫–æ—Ñ–µ, –ø–µ—á–µ–Ω—å–µ —Å–∞–≤–æ—è—Ä–¥–∏.
 –í–µ—Å: 125 –≥—Ä.",https://sun9-47.userapi.com/c847216/v847216965/1798e6/Wp3hQWBoUrI.jpg,,–¢–∏—Ä–∞–º–∏—Å—É,120.0
81,2906313,–í–µ—Å: 125 –≥—Ä.,https://sun9-69.userapi.com/c845216/v845216965/1809cc/XH6J_bcgV8w.jpg,,–ß–∏–∑–∫–µ–π–∫,100.0
82,2906310,"–°–æ—Å—Ç–∞–≤: –º–∞–º–∏ –Ω–æ—Ä–∏, —Ä–∏—Å, —Å—ã—Ä —Ç–≤–æ—Ä–æ–∂–Ω—ã–π, –±–∞–Ω–∞–Ω, –∞–Ω–∞–Ω–∞—Å –∫–æ–Ω—Å., –∫–æ–∫–æ—Å–æ–≤–∞—è —Å—Ç—Ä—É–∂–∫–∞.
–í–µ—Å: 290 –≥—Ä.
",https://sun9-65.userapi.com/c849424/v849424965/1047f8/T1MYrWCb518.jpg,,–†–∞–π—Å–∫–æ–µ –Ω–∞—Å–ª–∞–∂–¥–µ–Ω–∏–µ ,180.0
83,2906307,"–°–æ—Å—Ç–∞–≤: –º–∞–º–∏ –Ω–æ—Ä–∏, —Ä–∏—Å, —Å—ã—Ä —Ç–≤–æ—Ä–æ–∂–Ω—ã–π, –±–∞–Ω–∞–Ω.
–í–µ—Å: 150 –≥—Ä.",https://sun9-26.userapi.com/c847124/v847124965/1763f0/AGZ0XZW0u4M.jpg,,–°–ª–∞–¥–∫–∏–π —Å –±–∞–Ω–∞–Ω–æ–º,180.0
84,2906304,"–°–æ—Å—Ç–∞–≤: –º–∞–º–∏–Ω–æ—Ä–∏, —Ä–∏—Å, —Å—ã—Ä —Ç–≤–æ—Ä–æ–∂–Ω—ã–π, –∫–∏–≤–∏.
–í–µ—Å: 150 –≥—Ä.",https://sun9-7.userapi.com/c851520/v851520488/9216d/uZvL_f5IPMs.jpg,,–°–ª–∞–¥–∫–∏–π —Å –∫–∏–≤–∏,180.0
85,2904880,–í–µ—Å: 200 –≥—Ä.,https://sun9-54.userapi.com/c852036/v852036393/93038/p0qivHCStHA.jpg,,–ö—Ä–µ–≤–µ—Ç–∫–∏ –≤ –∫–ª—è—Ä–µ ,200.0
86,2904878,–í–µ—Å: 150 –≥—Ä.,https://sun9-42.userapi.com/c847018/v847018573/174a24/DzYmCl7cztU.jpg,,–°—ã—Ä–Ω–æ-–ö—Ä–∞–±–æ–≤—ã–µ —à–∞—Ä–∏–∫–∏,120.0
87,2904877,–í–µ—Å: 150 –≥—Ä.,https://sun9-45.userapi.com/c851032/v851032393/91200/2Pgpax7oRVU.jpg,,–ö—Ä–∞–± –≤ –∫–ª—è—Ä–µ ,100.0
88,2904876,–í–µ—Å: 150 –≥—Ä.,https://sun9-26.userapi.com/c851224/v851224393/91494/9dyV7pQVOL8.jpg,,–ö–æ–ª—å—Ü–∞ –∫–∞–ª—å–º–∞—Ä–∞,130.0
89,2904875,–í–µ—Å: 150 –≥—Ä.,https://sun9-16.userapi.com/c851432/v851432393/96c6b/ZJrlkzaTJ3I.jpg,,–ö–∞—Ä—Ç–æ—Ñ–µ–ª—å–Ω—ã–µ —à–∞—Ä–∏–∫–∏,120.0
90,2904873,–í–µ—Å: 150 –≥—Ä.,https://sun9-46.userapi.com/c846017/v846017573/1757e3/EmpgcDfgEdo.jpg,,–ö–∞—Ä—Ç–æ—Ñ–µ–ª—å —Ñ—Ä–∏ ,80.0
91,2904648,"–°–æ—Å—Ç–∞–≤: –Ω–æ—Ä–∏, —Ä–∏—Å, –≥—É—Å—Ç–æ–π –º–∞–π–æ–Ω–µ–∑, –∏–∫—Ä–∞ —Ç–æ–±–∏–∫–æ, –∫—Ä–∞—Å–Ω—ã–π –ª–æ—Å–æ—Å—å.
–í–µ—Å: 200 –≥—Ä.",https://sun9-34.userapi.com/c844416/v844416820/173eb0/vawGKBsiC5k.jpg,,–ó–∞–ø–µ—á–µ–Ω–Ω—ã–π —Å –ª–æ—Å–æ—Å–µ–º,200.0
92,2904424,"–°–æ—Å—Ç–∞–≤: –Ω–æ—Ä–∏, —Ä–∏—Å, —Å—ã—Ä —Ç–≤–æ—Ä–æ–∂–Ω—ã–π, —Ç–∏–≥—Ä–æ–≤–∞—è –∫—Ä–µ–≤–µ—Ç–∫–∞, —Å–≤–µ–∂–∏–π –æ–≥—É—Ä–µ—Ü, –∏–∫—Ä–∞ —Ç–æ–±–∏–∫–æ.
–í–µ—Å: 380 –≥—Ä.",https://sun9-53.userapi.com/c849132/v849132820/106517/JipS7Ucuuvw.jpg,,–†–∏–æ —Ç–µ–º–ø—É—Ä–Ω—ã–π,239.0
93,2904399,"–°–æ—Å—Ç–∞–≤: –Ω–æ—Ä–∏, —Ä–∏—Å, –º–∞–π–æ–Ω–µ–∑, —Å—É—Ä–∏–º–∏, —Å–≤–µ–∂–∏–π –æ–≥—É—Ä–µ—Ü, –∏–∫—Ä–∞ —Ç–æ–±–∏–∫–æ.
–í–µ—Å: 260 –≥—Ä.",https://sun9-16.userapi.com/c854324/v854324730/164437/d_93LxmFmcY.jpg,,–ö–∞–ª–∏—Ñ–æ—Ä–Ω–∏—è —Ç–µ–º–ø—É—Ä–∞,199.0
94,2904378,"–°–æ—Å—Ç–∞–≤: –Ω–æ—Ä–∏, —Ä–∏—Å, —Å—ã—Ä —Ç–≤–æ—Ä–æ–∂–Ω—ã–π, –ª–æ–º—Ç–∏–∫–∏ –∫–∞–ª—å–º–∞—Ä–∞, —Å–≤–µ–∂–∏–π –æ–≥—É—Ä–µ—Ü.
–í–µ—Å: 270 –≥—Ä.",https://sun9-26.userapi.com/c852232/v852232149/900b8/U4kaVQKGPY0.jpg,,–ê—Ä–∏–∑–æ–Ω–∞,200.0
95,2904355,"–°–æ—Å—Ç–∞–≤: –Ω–æ—Ä–∏, —Ä–∏—Å, —Å—ã—Ä —Ç–≤–æ—Ä–æ–∂–Ω—ã–π, —Ç–∏–≥—Ä–æ–≤–∞—è –∫—Ä–µ–≤–µ—Ç–∫–∞, –º—è—Å–æ —É–≥—Ä—è, –≥—É—Å—Ç–æ–π –º–∞–π–æ–Ω–µ–∑, —Å–ø–µ–ª—ã–π —Ç–æ–º–∞—Ç, —Å–≤–µ–∂–∏–π –æ–≥—É—Ä–µ—Ü, –∏–∫—Ä–∞ —Ç–æ–±–∏–∫–æ.
–í–µ—Å: 400 –≥—Ä.",https://sun9-65.userapi.com/c849220/v849220820/106866/HTQVa87-QGI.jpg,,–ú–æ–Ω—Ç–∞–Ω–∞,260.0
96,2904333,"–°–æ—Å—Ç–∞–≤: –Ω–æ—Ä–∏, —Ä–∏—Å, —Å—ã—Ä —Ç–≤–æ—Ä–æ–∂–Ω—ã–π, –æ–∫—É–Ω—å, —Å–æ—É—Å –£–Ω–∞–≥–∏, –∂–∞—Ä–µ–Ω–Ω—ã–π –∫—É–Ω–∂—É—Ç.
–í–µ—Å: 280 –≥—Ä.",https://sun9-72.userapi.com/c844617/v844617820/185b04/UN0ic2P96WI.jpg,,–¢–∞–π —Ç–µ–º–ø—É—Ä–∞,209.0
97,2904314,"–°–æ—Å—Ç–∞–≤: –Ω–æ—Ä–∏, —Ä–∏—Å, —Å—ã—Ä —Ç–≤–æ—Ä–æ–∂–Ω—ã–π, —Ç–∏–≥—Ä–æ–≤–∞—è –∫—Ä–µ–≤–µ—Ç–∫–∞, —Å–≤–µ–∂–∏–π –æ–≥—É—Ä–µ—Ü, –∏–º–±–∏—Ä—å, –∫—Ä–∞—Å–Ω—ã–π –ª–æ—Å–æ—Å—å.
–í–µ—Å: 400 –≥—Ä.",https://sun9-2.userapi.com/c845017/v845017820/17fd15/bX_UDqi-E1g.jpg,,–ò–º–±–∏—Ä–Ω–∞—è —Ç–µ–º–ø—É—Ä–∞,269.0
98,2904303,"–°–æ—Å—Ç–∞–≤: –Ω–æ—Ä–∏, —Ä–∏—Å, —Å–æ—É—Å —Å–ø–∞–π—Å, –∫—Ä–∞—Å–Ω—ã–π –ª–æ—Å–æ—Å—å, –º—è—Å–æ —É–≥—Ä—è, —Å–≤–µ–∂–∏–π –æ–≥—É—Ä–µ—Ü.
–í–µ—Å: 350 –≥—Ä.",https://sun9-58.userapi.com/c845321/v845321820/1783c4/myZPvFZIryk.jpg,,–°–ø–∞–π—Å —Ç–µ–º–ø—É—Ä–∞,230.0
99,2904288,"–°–æ—Å—Ç–∞–≤: –Ω–æ—Ä–∏, —Ä–∏—Å, —Å—ã—Ä —Ç–≤–æ—Ä–æ–∂–Ω—ã–π, –ª–æ—Å–æ—Å—å –∂–∞—Ä–µ–Ω—ã–π, –∂–∞—Ä–µ–Ω—ã–π –∫—É–Ω–∂—É—Ç, —Å–æ—É—Å –£–Ω–∞–≥–∏.
–í–µ—Å: 280 –≥—Ä.",https://sun9-5.userapi.com/c850136/v850136820/b8a55/X1etan2MPWg.jpg,,–•–æ—Ç –§–∏—à,209.0
100,2903949,"–°–æ—Å—Ç–∞–≤: –Ω–æ—Ä–∏, —Ä–∏—Å, —Å—ã—Ä —Ç–≤–æ—Ä–æ–∂–Ω—ã–π, –∫—Ä–∞—Å–Ω—ã–π –ª–æ—Å–æ—Å—å, —Å–≤–µ–∂–∏–π –æ–≥—É—Ä–µ—Ü.
–í–µ—Å: 280 –≥—Ä.
",https://sun9-14.userapi.com/Py4LCL87mayFSdtJWG8VceMae7Kv2Tj7DmXRvg/QNSZmMrjJSw.jpg,,–§–∏–ª–∞–¥–µ–ª—å—Ñ–∏—è –•–æ—Ç,229.0
101,1601143,"–°–æ—Å—Ç–∞–≤: –Ω–æ—Ä–∏, —Ä–∏—Å, —Å—ã—Ä —Ç–≤–æ—Ä–æ–∂–Ω—ã–π, –∂–∞—Ä–µ–Ω—ã–π –ª–æ—Å–æ—Å—å, —Å–≤–µ–∂–∏–π –æ–≥—É—Ä–µ—Ü, —Å—Ç—Ä—É–∂–∫–∞ —Ç—É–Ω—Ü–∞.
–í–µ—Å: 310 –≥—Ä.",https://sun9-60.userapi.com/c841537/v841537039/570da/b3K7uXdjm9M.jpg,,–°–µ–Ω—Å–µ–π,210.0
102,1601139,"–°–æ—Å—Ç–∞–≤: –Ω–æ—Ä–∏, —Ä–∏—Å, —Å—ã—Ä —Ç–≤–æ—Ä–æ–∂–Ω—ã–π, –∫—Ä–∞—Å–Ω—ã–π –ª–æ—Å–æ—Å—å, —Ç–æ–º–∞–≥–æ, –∏–∫—Ä–∞ —Ç–æ–±–∏–∫–æ.
–í–µ—Å: 310 –≥—Ä.",https://sun9-26.userapi.com/c854216/v854216433/12ba78/sgfZQ4ckixc.jpg,,–¢—Ä–∏—Ç–æ–Ω,190.0
103,1601136,"–°–æ—Å—Ç–∞–≤: –Ω–æ—Ä–∏, —Ä–∏—Å, —Å—ã—Ä —Ç–≤–æ—Ä–æ–∂–Ω—ã–π, –∞–≤–æ–∫–∞–¥–æ, –∫—Ä–∞—Å–Ω—ã–π –ª–æ—Å–æ—Å—å.
–í–µ—Å: 300 –≥—Ä.",https://sun9-42.userapi.com/c834303/v834303039/86792/0DWCmAkMvi8.jpg,,–§–∏–ª–∞–¥–µ–ª—å—Ñ–∏—è,209.0
104,1601135,"–°–æ—Å—Ç–∞–≤: –Ω–æ—Ä–∏, —Ä–∏—Å, –æ–∫—É–Ω—å,  –º–∞–π–æ–Ω–µ–∑, –∏–∫—Ä–∞ –º–∞—Å–∞–≥–æ,–æ–≥—É—Ä–µ—Ü.
–í–µ—Å: 270 –≥—Ä.",https://sun9-31.userapi.com/c840523/v840523039/41478/ZpQVMeMUaHM.jpg,,–ì–µ–π—à–∞,190.0
105,1601132,"–°–æ—Å—Ç–∞–≤: –Ω–æ—Ä–∏, —Ä–∏—Å, —Å—ã—Ä —Ç–≤–æ—Ä–æ–∂–Ω—ã–π, –º—è—Å–æ —É–≥—Ä—è, –æ–≥—É—Ä—Ü—ã, —Å–æ—É—Å –£–Ω–∞–≥–∏.
–í–µ—Å: 350 –≥—Ä.
",https://sun9-48.userapi.com/c840434/v840434039/41a1a/xGG1g3ZvDuY.jpg,,–ö–∞–º–±–æ–¥–∂–∏,259.0
106,1601128,"–°–æ—Å—Ç–∞–≤: –Ω–æ—Ä–∏, —Ä–∏—Å, –º—è—Å–æ —É–≥—Ä—è, —Ç–æ–º–∞–≥–æ, —Å—ã—Ä —Ç–≤–æ—Ä–æ–∂–Ω—ã–π, —Å–≤–µ–∂–∏–π –æ–≥—É—Ä–µ—Ü, –∏–∫—Ä–∞ —Ç–æ–±–∏–∫–æ, –ª–æ—Å–æ—Å—å —Ö\–∫.
–í–µ—Å: 390 –≥—Ä.",https://sun9-61.userapi.com/c830108/v830108039/3d749/_w8Vcw1ERyI.jpg,,–ß–∏–¥–æ—Ä–∏,290.0
107,1363200,"–°–æ—Å—Ç–∞–≤: –Ω–æ—Ä–∏, —Ä–∏—Å, –∫–æ–ø—á–µ–Ω—ã–π –ª–æ—Å–æ—Å—å.
–í–µ—Å: 110 –≥—Ä.",https://sun9-13.userapi.com/c841630/v841630967/3d02d/qVKq-m-yl3k.jpg,,–ö–ª–∞—Å—Å–∏–∫–∞ —Å –∫–æ–ø—á–µ–Ω–Ω—ã–º –ª–æ—Å–æ—Å–µ–º,110.0
108,1363197,"–°–æ—Å—Ç–∞–≤: –Ω–æ—Ä–∏, —Ä–∏—Å, —Ç–∏–≥—Ä–æ–≤–∞—è –∫—Ä–µ–≤–µ—Ç–∫–∞.
–í–µ—Å: 110 –≥—Ä.",https://sun9-6.userapi.com/c841321/v841321967/39191/0t1TFb-GBi4.jpg,,–ö–ª–∞—Å—Å–∏–∫–∞ —Å –∫—Ä–µ–≤–µ—Ç–∫–æ–π,110.0
109,1363195,"–°–æ—Å—Ç–∞–≤: –Ω–æ—Ä–∏, —Ä–∏—Å, –º—è—Å–æ —É–≥—Ä—è, –æ–≥—É—Ä–µ—Ü, –∂–∞—Ä–µ–Ω—ã–π –∫—É–Ω–∂—É—Ç.
–í–µ—Å: 110 –≥—Ä.",https://sun9-11.userapi.com/Fsz-Yla24ElRDUuBWuuGHUBX359bk9zX2rYB3w/Wp1Tli-DPog.jpg,,–ö–ª–∞—Å—Å–∏–∫–∞ —Å —É–≥—Ä–µ–º,130.0
110,1363194,"–°–æ—Å—Ç–∞–≤: –Ω–æ—Ä–∏, —Ä–∏—Å, —Ç—É–Ω–µ—Ü.
–í–µ—Å: 110 –≥—Ä.",https://sun9-33.userapi.com/c841638/v841638967/379b7/BDyAv_T3ofQ.jpg,,–ö–ª–∞—Å—Å–∏–∫–∞ —Å —Ç—É–Ω—Ü–æ–º,110.0
111,1363193,"–°–æ—Å—Ç–∞–≤: –Ω–æ—Ä–∏, —Ä–∏—Å, –∫—Ä–∞—Å–Ω—ã–π –ª–æ—Å–æ—Å—å.
–í–µ—Å: 110 –≥—Ä.",https://sun9-59.userapi.com/c639919/v639919967/612b2/-xlEAufkwhI.jpg,,–ö–ª–∞—Å—Å–∏–∫–∞ —Å –ª–æ—Å–æ—Å–µ–º,110.0
112,1363189,"–°–æ—Å—Ç–∞–≤: –Ω–æ—Ä–∏, —Ä–∏—Å, —Å–≤–µ–∂–∏–π –æ–≥—É—Ä–µ—Ü, –∂–∞—Ä–µ–Ω—ã–π –∫—É–Ω–∂—É—Ç.
–í–µ—Å: 110 –≥—Ä.",https://sun9-33.userapi.com/c840429/v840429967/298d2/tNGv-pHau7o.jpg,,–ö–ª–∞—Å—Å–∏–∫–∞ —Å –æ–≥—É—Ä—Ü–æ–º,77.0
113,1363185,"–°–æ—Å—Ç–∞–≤: –Ω–æ—Ä–∏, —Ä–∏—Å, —Å—ã—Ä —Ç–≤–æ—Ä–æ–∂–Ω—ã–π, —Ç–∏–≥—Ä–æ–≤–∞—è –∫—Ä–µ–≤–µ—Ç–∫–∞, —Å–æ—É—Å –£–Ω–∞–≥–∏, –∂–∞—Ä–µ–Ω—ã–π –∫—É–Ω–∂—É—Ç.
–í–µ—Å: 280 –≥—Ä.",https://sun9-67.userapi.com/c849536/v849536820/103108/N2PkppJ6IR0.jpg,,–ù–∞–≥–æ,219.0
114,1363184,"–°–æ—Å—Ç–∞–≤: –Ω–æ—Ä–∏, —Ä–∏—Å, —Å—ã—Ä —Ç–≤–æ—Ä–æ–∂–Ω—ã–π, –ª–æ—Å–æ—Å—å —Ö/–∫, –ø–µ–∫–∏–Ω—Å–∫–∞—è –∫–∞–ø—É—Å—Ç–∞.
–í–µ—Å: 300 –≥—Ä.",https://sun9-63.userapi.com/c851328/v851328149/8eb4f/KPZgQSaz_pM.jpg,,–¢–µ—Ö–∞—Å,239.0
115,1363182,"–°–æ—Å—Ç–∞–≤: –Ω–æ—Ä–∏, —Ä–∏—Å, –≥—É—Å—Ç–æ–π –º–∞–π–æ–Ω–µ–∑, –∏–∫—Ä–∞ —Ç–æ–±–∏–∫–æ, –∂–∞—Ä–µ–Ω—ã–π –∫—É–Ω–∂—É—Ç, –∫–æ–ø—á–µ–Ω–Ω–∞—è –∫—É—Ä–∏—Ü–∞.
–í–µ—Å: 280 –≥—Ä.",https://sun9-39.userapi.com/c824701/v824701967/2b103/eC7XYU_XBTg.jpg,,–ó–∞–ø–µ—á–µ–Ω–Ω—ã–π  —Å –∫—É—Ä–∏—Ü–µ–π,189.0
116,1363179,"–°–æ—Å—Ç–∞–≤: –º–∞–º–∏ –Ω–æ—Ä–∏, —Ä–∏—Å, —Å—ã—Ä —Ç–≤–æ—Ä–æ–∂–Ω—ã–π, —Ç–∏–≥—Ä–æ–≤–∞—è –∫—Ä–µ–≤–µ—Ç–∫–∞, —Å–≤–µ–∂–∏–π –æ–≥—É—Ä–µ—Ü, –ø–µ–∫–∏–Ω—Å–∫–∞—è –∫–∞–ø—É—Å—Ç–∞.
–í–µ—Å: 200 –≥—Ä.",https://sun9-31.userapi.com/zFt01zVQ1yWFD92lBRgCtAfsQX0uSXwZ-q7keQ/mvsRf8q65UY.jpg,,–ö–∏–æ—Ç–æ,240.0
117,1363176,"–°–æ—Å—Ç–∞–≤: –Ω–æ—Ä–∏, —Ä–∏—Å, —Å—ã—Ä —Ç–≤–æ—Ä–æ–∂–Ω—ã–π, –∫—Ä–∞—Å–Ω—ã–π –ª–æ—Å–æ—Å—å, –∏–∫—Ä–∞ –ª–æ—Å–æ—Å—è.
–í–µ—Å: 330 –≥—Ä.",https://sun9-66.userapi.com/c841339/v841339967/3ca69/kjseiJcyr0k.jpg,,–ú–∞–π–∞–º–∏ –ª—é–∫—Å,289.0
118,1363175,"–°–æ—Å—Ç–∞–≤: –Ω–æ—Ä–∏, —Ä–∏—Å, —Å—ã—Ä —Ç–≤–æ—Ä–æ–∂–Ω—ã–π, –∫—Ä–∞—Å–Ω—ã–π –ª–æ—Å–æ—Å—å.
–í–µ—Å: 300 –≥—Ä.",https://sun9-61.userapi.com/c834400/v834400967/2b272/tOlDPlaglwA.jpg,,–ú–∞–π–∞–º–∏,250.0
119,1363167,"–°–æ—Å—Ç–∞–≤: –Ω–æ—Ä–∏, —Ä–∏—Å, —Å—ã—Ä —Ç–≤–æ—Ä–æ–∂–Ω—ã–π, —Å–≤–µ–∂–∏–π –æ–≥—É—Ä–µ—Ü, –∫—Ä–∞—Å–Ω—ã–π –ª–æ—Å–æ—Å—å, –º—è—Å–æ —É–≥—Ä—è.
–í–µ—Å: 320 –≥—Ä.",https://sun9-14.userapi.com/c639516/v639516146/63ed5/TlJG_R8pt8U.jpg,,–°—ë–≥—É–Ω,249.0
120,1363166,"–°–æ—Å—Ç–∞–≤: –Ω–æ—Ä–∏, —Ä–∏—Å, —Å–≤–µ–∂–∏–π –æ–≥—É—Ä–µ—Ü, –º—è—Å–æ —É–≥—Ä—è, —Å–æ—É—Å –°–ø–∞–π—Å–∏, —Å—Ç—Ä—É–∂–∫–∞ —Ç—É–Ω—Ü–∞.
–í–µ—Å: 270 –≥—Ä.",https://sun9-33.userapi.com/c840427/v840427146/244ea/Vsttwb96BYs.jpg,,–ë–æ–Ω–∏—Ç–æ,210.0
121,1363164,"–°–æ—Å—Ç–∞–≤: –Ω–æ—Ä–∏, —Ä–∏—Å, —Å–æ—É—Å –°–ø–∞–π—Å–∏, –∫—Ä–∞—Å–Ω—ã–π –ª–æ—Å–æ—Å—å, –∂–∞—Ä–µ–Ω–Ω—ã–π –∫—É–Ω–∂—É—Ç, —Å–≤–µ–∂–∏–π –æ–≥—É—Ä–µ—Ü.
–í–µ—Å: 270 –≥—Ä.",https://sun9-56.userapi.com/c840532/v840532146/27008/hDHT69VrrsI.jpg,,–ö–∞—Å—É–º–∏,199.0
122,1363163,"–°–æ—Å—Ç–∞–≤: –Ω–æ—Ä–∏, —Ä–∏—Å, —Å–≤–µ–∂–∏–π –æ–≥—É—Ä–µ—Ü, –±–æ–ª–≥–∞—Ä—Å–∫–∏–π –ø–µ—Ä–µ—Ü, —Å–ø–µ–ª—ã–π —Ç–æ–º–∞—Ç.
–í–µ—Å: 280 –≥—Ä.",https://sun9-51.userapi.com/c841437/v841437146/399db/q-s9n_oydl4.jpg,,–û–≤–æ—â–Ω–æ–π,150.0
123,1363160,"–°–æ—Å—Ç–∞–≤: –Ω–æ—Ä–∏, —Ä–∏—Å, —Å–≤–µ–∂–∏–π –æ–≥—É—Ä–µ—Ü, —Å—É—Ä–∏–º–∏, –≥—É—Å—Ç–æ–π –º–∞–π–æ–Ω–µ–∑, –∏–∫—Ä–∞ —Ç–æ–±–∏–∫–æ.
–í–µ—Å: 280 –≥—Ä.",https://sun9-29.userapi.com/c824601/v824601146/2c439/0hOklQxm05o.jpg,,–ö–∞–ª–∏—Ñ–æ—Ä–Ω–∏—è,199.0
124,1310554,"–°–æ—Å—Ç–∞–≤: –∫–æ—Ç–ª–µ—Ç–∞, –æ–≥—É—Ä–µ—Ü —Å–æ–ª–µ–Ω—ã–π, –±–µ–∫–æ–Ω –∂–∞—Ä., –ª—É–∫ –∂–∞—Ä., –∫–∞–ø—É—Å—Ç–∞ –ø–µ–∫–∏–Ω—Å–∫–∞—è, —Ñ—Ä–∏, —Å–æ—É—Å.

‚òé –ó–≤–æ–Ω–∏: 8 (927) 983-53-56 | 8 (904) 19-(98-97-5) | 8 (904) 19-(9-13-39)
üöó –ó–∞—Ö–æ–¥–∏: –ê–≤—Ç–æ—Å—Ç—Ä–æ–∏—Ç–µ–ª–µ–π 78\14

‚è∞ –†–µ–∂–∏–º —Ä–∞–±–æ—Ç—ã:
–ë—É–¥–Ω–∏: —Å 11:00 –¥–æ 23:00
–ü—Ç –∏ —Å–±: —Å 11:00 –¥–æ 00:00",https://sun9-13.userapi.com/c841026/v841026317/3aa01/xlIj9ON46Pc.jpg,,–í–∏—Å–∫–∏,200.0
125,1310557,"–°–æ—Å—Ç–∞–≤: –∫–æ—Ç–ª–µ—Ç–∞, —Å—ã—Ä –ø–ª–∞—Å—Ç–∏–Ω–∫–∞, –ª—É–∫, –∫–∞–ø—É—Å—Ç–∞ –ø–µ–∫–∏–Ω—Å–∫–∞—è, —Å–æ—É—Å.

‚òé –ó–≤–æ–Ω–∏: 8 (927) 983-53-56 | 8 (904) 19-(98-97-5) | 8 (904) 19-(9-13-39)
üöó –ó–∞—Ö–æ–¥–∏: –ê–≤—Ç–æ—Å—Ç—Ä–æ–∏—Ç–µ–ª–µ–π 78\14

‚è∞ –†–µ–∂–∏–º —Ä–∞–±–æ—Ç—ã:
–ë—É–¥–Ω–∏: —Å 11:00 –¥–æ 23:00
–ü—Ç –∏ —Å–±: —Å 11:00 –¥–æ 00:00",https://sun9-48.userapi.com/c841236/v841236317/32ded/-hknfhWF55c.jpg,,Grand DD,180.0
126,1310562,"–°–æ—Å—Ç–∞–≤: –æ–≥—É—Ä–µ—Ü —Å–æ–ª–µ–Ω—ã–π, —Å—ã—Ä –ø–ª–∞—Å—Ç–∏–Ω–∫–∞, –∫–æ—Ç–ª–µ—Ç–∞, —Ç–æ–º–∞—Ç, –ø–µ–∫–∏–Ω—Å–∫–∞—è –∫–∞–ø—É—Å—Ç–∞, —Å–æ—É—Å.

‚òé –ó–≤–æ–Ω–∏: 8 (927) 983-53-56 | 8 (904) 19-(98-97-5) | 8 (904) 19-(9-13-39)
üöó –ó–∞—Ö–æ–¥–∏: –ê–≤—Ç–æ—Å—Ç—Ä–æ–∏—Ç–µ–ª–µ–π 78\14

‚è∞ –†–µ–∂–∏–º —Ä–∞–±–æ—Ç—ã:
–ë—É–¥–Ω–∏: —Å 11:00 –¥–æ 23:00
–ü—Ç –∏ —Å–±: —Å 11:00 –¥–æ 00:00",https://sun9-40.userapi.com/c841635/v841635317/37966/zrXNFNrhFkk.jpg,,–£–æ–ª–ª-—Å—Ç—Ä–∏—Ç,180.0
127,1310559,"–°–æ—Å—Ç–∞–≤: –∫–æ—Ç–ª–µ—Ç–∞, –ª—É–∫, –ø–µ—Ä–µ—Ü –±–æ–ª–≥–∞—Ä—Å–∫–∏–π, –∫–∞–ø—É—Å—Ç–∞ –ø–µ–∫–∏–Ω—Å–∫–∞—è, —Å–æ—É—Å.

‚òé –ó–≤–æ–Ω–∏: 8 (927) 983-53-56 | 8 (904) 19-(98-97-5) | 8 (904) 19-(9-13-39)
üöó –ó–∞—Ö–æ–¥–∏: –ê–≤—Ç–æ—Å—Ç—Ä–æ–∏—Ç–µ–ª–µ–π 78\14

‚è∞ –†–µ–∂–∏–º —Ä–∞–±–æ—Ç—ã:
–ë—É–¥–Ω–∏: —Å 11:00 –¥–æ 23:00
–ü—Ç –∏ —Å–±: —Å 11:00 –¥–æ 00:00",https://sun9-9.userapi.com/c841130/v841130317/360f3/YpIUpm0qFD8.jpg,,–°—Ç—É–¥–µ–Ω—Ç,160.0
128,1310571,"–°–æ—Å—Ç–∞–≤: –ª–∞–ø—à–∞, —Å–æ—É—Å —Ç–µ—Ä–∏—è–∫–∏, –º–æ—Ä–∫–æ–≤—å, –ø–µ—Ä–µ—Ü –±–æ–ª–≥–∞—Ä—Å–∫–∏–π, –∑–µ–ª–µ–Ω—ã–π –ª—É–∫, —Å–≤–∏–Ω–∏–Ω–∞.
–í–µ—Å: 330 –≥—Ä.

‚òé –ó–≤–æ–Ω–∏: 8 (927) 983-53-56 | 8 (904) 19-(98-97-5) | 8 (904) 19-(9-13-39)
üöó –ó–∞—Ö–æ–¥–∏: –ê–≤—Ç–æ—Å—Ç—Ä–æ–∏—Ç–µ–ª–µ–π 78\14

‚è∞ –†–µ–∂–∏–º —Ä–∞–±–æ—Ç—ã:
–ë—É–¥–Ω–∏: —Å 10:00 –¥–æ 23:00
–ü—Ç –∏ —Å–±: —Å 10:00 –¥–æ 00:00",https://sun9-65.userapi.com/c840124/v840124317/3ebfd/HG62BbdLhE4.jpg,,–õ–∞–ø—à–∞ —Å–æ —Å–≤–∏–Ω–∏–Ω–æ–π,190.0
129,1310568,"–°–æ—Å—Ç–∞–≤: –ª–∞–ø—à–∞, —Å–æ—É—Å —Ç–µ—Ä–∏—è–∫–∏, –º–æ—Ä–∫–æ–≤—å, —Ü—É–∫–∏–Ω–∏, –ø–µ—Ä–µ—Ü –±–æ–ª–≥–∞—Ä—Å–∫–∏–π, –∑–µ–ª–µ–Ω—ã–π –ª—É–∫, –∫—É—Ä–∏—Ü–∞.
–í–µ—Å: 350 –≥—Ä.

‚òé –ó–≤–æ–Ω–∏: 8 (927) 983-53-56 | 8 (904) 19-(98-97-5) | 8 (904) 19-(9-13-39)
üöó –ó–∞—Ö–æ–¥–∏: –ê–≤—Ç–æ—Å—Ç—Ä–æ–∏—Ç–µ–ª–µ–π 78\14

‚è∞ –†–µ–∂–∏–º —Ä–∞–±–æ—Ç—ã:
–ë—É–¥–Ω–∏: —Å 10:00 –¥–æ 23:00
–ü—Ç –∏ —Å–±: —Å 10:00 –¥–æ 00:00",https://sun9-10.userapi.com/c840227/v840227317/420b3/cPo6uL6-VPU.jpg,,–õ–∞–ø—à–∞ —Å –∫—É—Ä–∏—Ü–µ–π,180.0
130,1310567,"–°–æ—Å—Ç–∞–≤: –ª–∞–ø—à–∞, —Å–æ—É—Å —Ç–µ—Ä–µ–∏–∫–∏, –º–æ—Ä–∫–æ–≤—å, —Ü—É–∫–∏–Ω–∏, –ø–µ—Ä–µ—Ü –±–æ–ª–≥–∞—Ä—Å–∫–∏–π, –∑–µ–ª–µ–Ω—ã–π –ª—É–∫.
–í–µ—Å: 300 –≥—Ä.

‚òé –ó–≤–æ–Ω–∏: 8 (927) 983-53-56 | 8 (904) 19-(98-97-5) | 8 (904) 19-(9-13-39)
üöó –ó–∞—Ö–æ–¥–∏: –ê–≤—Ç–æ—Å—Ç—Ä–æ–∏—Ç–µ–ª–µ–π 78\14

‚è∞ –†–µ–∂–∏–º —Ä–∞–±–æ—Ç—ã:
–ë—É–¥–Ω–∏: —Å 10:00 –¥–æ 23:00
–ü—Ç –∏ —Å–±: —Å 10:00 –¥–æ 00:00",https://sun9-52.userapi.com/c824503/v824503317/17cbd/GGydwGoUWi0.jpg,,–õ–∞–ø—à–∞ —Å –æ–≤–æ—â–∞–º–∏,160.0
